timestamp,log_level
2024-03-09T21:19:21.297792,TRACE
2022-10-04T11:26:42.655736,INFO
2024-04-23T01:32:54.805538,TRACE
2024-03-23T12:41:43.248592,FATAL
2020-05-02T05:39:05.588445,CRITICAL
2024-10-18T21:51:12.993712,FATAL
2024-01-28T10:55:08.855825,INFO
2020-01-24T16:30:43.978300,WARN
2020-10-17T02:38:49.546568,INFO
2022-03-28T23:15:18.487415,WARN
2021-04-10T14:46:33.468287,CRITICAL
2023-06-06T17:25:46.840388,TRACE
2020-12-20T00:54:03.964416,ERROR
2023-11-30T14:16:28.801607,WARN
2021-01-29T16:52:24.579367,WARN
2022-05-24T09:01:32.363165,CRITICAL
2022-04-18T03:37:43.675229,FATAL
2023-10-28T03:56:00.843515,INFO
2025-01-20T09:14:16.663250,TRACE
2024-04-10T18:18:31.689656,FATAL
2022-12-27T04:53:09.679578,CRITICAL
2023-12-17T00:41:25.603388,TRACE
2020-04-14T00:32:29.107651,INFO
2020-07-25T04:24:16.675282,ERROR
2025-02-07T18:56:58.945573,TRACE
2024-07-04T00:28:27.799904,CRITICAL
2022-06-14T08:16:48.114347,CRITICAL
2024-08-06T20:31:00.793452,ERROR
2022-02-16T03:58:49.438006,ERROR
2021-09-04T06:40:08.732630,ERROR
2020-01-01T21:02:54.504159,DEBUG
2024-12-03T22:31:35.513239,INFO
2021-12-10T17:36:45.793417,DEBUG
2022-11-21T20:02:13.908450,WARN
2025-02-16T03:26:36.458110,TRACE
2024-04-14T21:26:53.924766,DEBUG
2020-06-29T07:31:32.084721,FATAL
2023-10-23T15:46:11.185079,WARN
2023-12-04T01:38:32.705376,ERROR
2024-02-18T16:57:06.624113,DEBUG
2020-09-09T23:20:54.712764,FATAL
2021-09-16T01:11:32.338789,DEBUG
2023-08-10T10:27:15.213518,DEBUG
2020-02-12T16:49:41.521641,TRACE
2024-10-19T01:08:01.553341,DEBUG
2021-01-22T11:01:41.383700,TRACE
2023-06-23T21:42:14.376931,TRACE
2023-11-17T03:52:00.051116,ERROR
2025-01-06T16:02:19.019289,ERROR
2022-06-18T03:34:34.542852,ERROR
2020-09-28T23:43:52.465623,ERROR
2024-06-26T00:56:40.215215,WARN
2020-06-06T22:36:57.312974,ERROR
2021-08-05T02:34:25.480076,INFO
2023-09-02T01:26:52.999800,INFO
2024-07-19T14:23:02.723756,WARN
2021-06-16T03:40:09.163748,DEBUG
2023-01-28T03:06:00.473875,CRITICAL
2020-06-23T21:16:47.666129,DEBUG
2024-03-19T02:44:47.167855,FATAL
2020-04-09T21:09:40.824762,DEBUG
2022-10-19T12:14:07.346168,INFO
2020-04-13T11:56:10.370057,FATAL
2025-01-17T17:11:53.256822,INFO
2023-12-13T18:31:17.006792,DEBUG
2020-04-11T09:31:48.267669,CRITICAL
2023-12-19T00:41:41.228483,INFO
2023-02-13T16:23:05.219819,ERROR
2022-12-29T03:02:49.709517,TRACE
2023-06-24T15:47:58.034513,CRITICAL
2021-06-24T23:06:10.189672,TRACE
2024-03-04T07:44:11.620037,DEBUG
2025-02-21T20:23:34.073802,DEBUG
2020-06-16T00:33:20.037154,ERROR
2023-02-06T11:23:39.565385,WARN
2022-08-13T05:11:51.653721,ERROR
2020-08-19T16:08:13.830802,TRACE
2020-10-26T16:13:03.848943,ERROR
2023-06-20T13:23:54.024344,TRACE
2023-07-03T04:01:16.827420,ERROR
2020-09-27T11:37:03.260215,CRITICAL
2021-10-05T19:37:42.697391,WARN
2023-09-03T11:18:05.305415,ERROR
2022-01-15T01:55:21.111947,ERROR
2021-09-26T02:07:33.805055,DEBUG
2024-04-21T21:15:49.438554,DEBUG
2020-09-25T23:26:58.087363,DEBUG
2023-11-03T14:48:30.792116,WARN
2024-01-06T22:33:44.794857,ERROR
2023-12-14T08:28:39.949926,INFO
2021-08-01T01:16:23.395708,DEBUG
2020-02-27T12:43:03.875229,TRACE
2020-04-02T17:22:08.832870,TRACE
2024-01-04T11:05:06.043037,ERROR
2020-10-22T18:25:00.829384,INFO
2022-05-11T20:19:34.194564,WARN
2021-01-07T17:26:02.039688,WARN
2024-04-02T19:02:52.566745,INFO
2021-11-27T02:30:35.004672,DEBUG
2025-01-17T01:44:32.877529,DEBUG
2020-04-05T08:59:51.995432,WARN
2021-01-10T11:04:28.887717,CRITICAL
2021-04-25T06:47:32.821734,FATAL
2021-07-30T19:08:42.978735,FATAL
2021-10-11T12:48:48.399393,FATAL
2025-02-09T11:01:33.065875,CRITICAL
2024-07-29T09:02:57.703566,INFO
2023-11-21T19:34:00.721811,DEBUG
2021-07-06T08:00:37.949487,CRITICAL
2020-07-14T09:10:21.144269,INFO
2022-11-19T00:48:06.451405,WARN
2025-01-07T14:24:41.639154,ERROR
2020-05-13T18:37:27.287761,CRITICAL
2024-01-26T14:13:22.558039,INFO
2022-09-30T20:27:09.698942,INFO
2020-07-18T08:18:48.690706,ERROR
2022-05-15T04:16:58.125538,DEBUG
2023-08-10T12:57:06.985622,INFO
2024-04-13T15:28:09.893766,CRITICAL
2020-08-11T02:57:35.706963,DEBUG
2020-09-12T17:30:31.223332,INFO
2022-10-08T23:36:44.270663,INFO
2021-09-02T12:50:02.280751,ERROR
2024-06-15T12:19:09.165439,DEBUG
2023-11-17T07:00:05.049187,TRACE
2020-02-24T15:43:11.060858,ERROR
2021-09-10T02:34:32.416844,ERROR
2022-07-11T16:41:44.729378,INFO
2023-05-01T13:06:17.003675,ERROR
2023-03-08T19:21:41.976082,TRACE
2024-06-16T06:47:36.361870,ERROR
2024-03-06T14:40:19.633153,CRITICAL
2024-12-09T04:02:58.358476,INFO
2024-11-01T10:01:54.915398,INFO
2023-02-14T21:15:19.937440,FATAL
2024-11-08T21:10:37.599476,WARN
2020-08-26T23:05:01.681243,WARN
2023-04-23T23:42:07.986842,DEBUG
2023-06-21T16:27:25.452574,WARN
2024-08-22T18:24:37.140456,INFO
2023-05-24T01:39:00.780175,WARN
2021-11-11T12:56:54.049142,WARN
2020-03-20T03:08:31.047959,WARN
2020-11-19T20:34:51.014074,INFO
2024-09-12T12:34:27.384106,CRITICAL
2021-08-28T14:23:08.899894,INFO
2022-08-08T06:34:23.762516,DEBUG
2022-10-01T23:26:50.379037,DEBUG
2024-02-24T04:46:14.055398,INFO
2020-06-04T03:51:15.935667,FATAL
2024-10-13T20:14:46.876689,INFO
2024-12-11T08:38:41.414936,FATAL
2022-11-19T22:03:32.197978,FATAL
2020-09-02T21:57:05.685154,FATAL
2024-12-19T00:44:40.082469,ERROR
2024-12-13T00:27:47.975021,WARN
2023-07-01T18:25:12.750493,CRITICAL
2021-01-18T08:13:52.455517,INFO
2024-02-11T19:41:13.554638,WARN
2021-10-09T15:46:16.572075,ERROR
2020-07-19T21:51:03.591542,WARN
2021-06-20T09:55:07.791513,TRACE
2024-10-18T20:11:41.869170,DEBUG
2024-06-26T03:07:28.900510,CRITICAL
2025-03-05T11:19:36.470389,TRACE
2024-05-15T01:51:43.706815,DEBUG
2024-10-24T07:32:05.290733,CRITICAL
2021-03-02T14:41:30.896656,WARN
2024-01-02T01:12:53.147497,WARN
2023-03-11T07:12:13.527734,DEBUG
2023-12-31T00:16:06.444268,FATAL
2023-01-25T14:26:44.240508,DEBUG
2023-12-11T12:35:05.525127,TRACE
2020-04-07T08:57:06.192625,ERROR
2022-12-24T10:56:39.633437,CRITICAL
2022-12-26T10:05:02.219420,DEBUG
2020-11-25T22:51:28.644269,TRACE
2023-09-26T06:56:35.035343,INFO
2021-10-22T19:47:26.312824,INFO
2022-02-10T01:19:50.550700,INFO
2023-04-22T17:02:24.030050,INFO
2023-11-13T13:47:20.056195,ERROR
2024-09-17T08:29:51.937103,TRACE
2024-06-03T17:53:37.869973,DEBUG
2022-11-13T08:52:54.021719,TRACE
2024-04-09T09:49:08.891737,FATAL
2023-08-07T19:58:28.943456,CRITICAL
2021-03-14T04:28:52.156443,CRITICAL
2021-05-30T11:48:40.269259,FATAL
2021-04-18T13:07:52.666498,WARN
2021-11-25T23:11:50.596188,INFO
2025-01-06T22:28:26.583420,DEBUG
2023-08-02T14:33:45.892409,TRACE
2023-06-22T15:51:08.592422,INFO
2021-08-16T22:42:09.374742,INFO
2023-01-12T11:42:20.174299,TRACE
2022-06-02T10:54:54.873520,ERROR
2024-01-24T17:08:02.139992,CRITICAL
2021-08-11T18:12:40.635357,ERROR
2022-07-10T02:48:07.563054,DEBUG
2022-11-30T00:52:32.875598,INFO
2023-08-30T10:41:49.121965,WARN
2020-09-10T17:28:40.050710,CRITICAL
2022-06-23T14:23:45.063992,WARN
2023-06-18T00:18:08.911252,CRITICAL
2022-09-28T11:31:32.342999,WARN
2020-05-20T02:46:53.653184,WARN
2025-02-26T16:31:31.671683,ERROR
2022-11-23T09:04:42.124149,DEBUG
2021-11-22T06:55:02.518755,WARN
2021-01-23T05:03:09.764615,WARN
2022-11-22T22:07:07.822739,ERROR
2020-06-17T17:41:50.544477,WARN
2022-05-14T06:26:47.509342,WARN
2021-01-06T08:25:34.920798,INFO
2023-11-21T09:26:50.882178,DEBUG
2021-03-11T04:54:22.972988,TRACE
2022-09-07T11:11:01.164048,ERROR
2022-05-20T11:40:50.548488,WARN
2022-08-31T04:02:25.937621,FATAL
2024-03-15T23:04:27.825370,ERROR
2024-11-19T08:21:20.745077,INFO
2024-05-27T04:04:10.113876,FATAL
2024-11-10T14:04:18.461605,CRITICAL
2022-01-14T22:27:40.747048,TRACE
2021-06-08T20:47:25.480569,DEBUG
2021-05-28T14:13:07.976587,INFO
2024-09-30T21:28:28.648335,DEBUG
2023-06-15T03:53:26.966283,ERROR
2024-12-07T00:14:12.551821,DEBUG
2021-12-12T10:08:34.144890,FATAL
2020-10-24T13:55:17.639198,TRACE
2024-07-04T23:58:23.456075,DEBUG
2025-02-10T05:53:22.204809,FATAL
2020-11-04T01:53:17.303019,INFO
2020-03-18T16:28:37.457498,DEBUG
2023-06-17T02:58:23.293072,DEBUG
2022-09-26T19:37:07.112481,TRACE
2021-02-02T06:13:53.306054,CRITICAL
2023-12-07T02:09:09.836777,ERROR
2021-06-28T18:07:08.102865,TRACE
2023-10-09T02:48:06.173131,ERROR
2020-12-17T16:23:47.059947,INFO
2023-05-10T03:56:42.502696,DEBUG
2022-09-29T05:26:58.456375,CRITICAL
2021-04-03T20:03:54.202795,WARN
2022-05-30T03:26:41.792547,FATAL
2023-10-31T09:09:22.293674,INFO
2021-07-13T08:51:09.073620,FATAL
2020-08-11T00:40:30.041332,INFO
2020-12-05T18:11:26.388933,CRITICAL
2020-08-23T06:15:20.064659,INFO
2023-10-11T01:47:34.017653,CRITICAL
2023-08-28T15:59:03.128451,ERROR
2020-03-06T05:26:12.314046,CRITICAL
2021-04-09T15:40:03.243847,ERROR
2023-06-14T19:25:23.105605,CRITICAL
2025-02-23T01:23:48.551866,FATAL
2020-08-03T15:03:19.718910,CRITICAL
2020-04-27T16:55:56.470453,TRACE
2020-04-24T08:04:50.391027,DEBUG
2020-08-26T12:39:25.614224,TRACE
2020-11-10T10:36:33.465837,TRACE
2022-11-22T12:11:44.809756,WARN
2024-10-19T05:53:29.273474,INFO
2022-11-03T16:46:23.510118,ERROR
2024-05-29T00:08:24.566807,TRACE
2024-09-07T01:05:05.545083,DEBUG
2021-07-20T03:52:47.921554,INFO
2023-08-23T09:22:35.145965,DEBUG
2024-08-21T11:04:21.151948,WARN
2025-01-28T11:57:15.878623,ERROR
2022-02-20T06:53:10.036906,ERROR
2023-04-01T12:01:04.531369,DEBUG
2022-10-19T22:44:56.743405,CRITICAL
2022-05-11T13:17:12.118377,CRITICAL
2022-08-27T02:21:43.930431,DEBUG
2022-03-18T17:38:55.948299,TRACE
2025-03-02T00:09:28.810946,INFO
2023-07-09T13:00:22.711118,DEBUG
2022-08-02T10:16:48.489499,DEBUG
2025-02-04T00:53:06.315471,FATAL
2020-02-19T14:34:30.587616,INFO
2021-03-24T02:34:36.825243,FATAL
2021-01-26T05:57:48.846153,CRITICAL
2020-05-14T04:10:45.532670,DEBUG
2024-04-21T14:06:19.827417,WARN
2025-02-21T21:56:26.041301,FATAL
2023-08-12T12:49:11.150924,ERROR
2021-05-21T20:26:20.441285,WARN
2024-09-06T01:19:06.268102,INFO
2022-12-21T12:34:43.141197,WARN
2024-07-23T14:44:01.616500,ERROR
2022-12-19T04:57:34.333587,ERROR
2023-02-09T10:46:12.601929,TRACE
2023-12-15T14:56:41.065275,CRITICAL
2021-09-09T11:42:39.470995,CRITICAL
2023-01-12T01:51:48.249977,TRACE
2022-05-10T00:36:15.524807,DEBUG
2023-05-02T03:04:38.412813,INFO
2022-11-29T11:46:50.493643,INFO
2024-10-08T11:22:02.187014,FATAL
2020-07-17T06:21:58.591212,TRACE
2022-10-12T05:53:03.467062,FATAL
2023-07-20T08:01:05.336059,DEBUG
2022-04-29T08:44:54.573522,FATAL
2025-01-20T14:16:10.183529,ERROR
2020-06-19T19:15:04.360761,WARN
2022-04-03T19:07:18.550125,ERROR
2020-01-29T10:03:22.398202,INFO
2022-10-15T01:33:45.589168,FATAL
2023-04-24T16:53:09.017173,DEBUG
2023-01-13T10:59:12.508093,INFO
2024-11-27T04:36:13.472590,ERROR
2023-08-15T14:50:09.043555,TRACE
2022-12-01T04:52:22.557614,FATAL
2022-07-05T20:43:05.413577,INFO
2024-02-21T23:11:51.224387,WARN
2021-01-30T20:38:17.260914,DEBUG
2021-10-16T13:14:40.196599,TRACE
2024-03-14T00:04:22.170790,TRACE
2021-07-17T00:18:11.662225,INFO
2024-03-08T19:47:06.227170,CRITICAL
2024-01-06T04:03:41.183977,DEBUG
2024-10-15T03:53:35.839900,CRITICAL
2023-02-16T15:08:49.850541,DEBUG
2020-11-12T17:41:08.443414,INFO
2024-05-16T20:43:07.814506,WARN
2020-12-26T14:39:36.080255,CRITICAL
2020-08-19T18:15:59.029137,TRACE
2021-07-22T08:18:25.951604,CRITICAL
2022-01-16T13:24:58.999219,CRITICAL
2023-04-24T17:36:58.683869,TRACE
2022-09-29T10:55:21.656348,TRACE
2021-04-18T05:30:57.403514,ERROR
2022-03-18T19:19:52.058210,WARN
2020-09-01T04:40:34.065163,TRACE
2024-08-22T12:45:19.137759,ERROR
2021-05-21T03:00:49.856348,TRACE
2023-03-24T03:10:05.665134,ERROR
2023-08-14T02:24:40.142499,WARN
2021-03-04T02:11:55.565002,TRACE
2023-07-25T04:39:59.642500,INFO
2021-04-05T21:04:33.707290,WARN
2023-07-20T07:36:49.428828,CRITICAL
2021-12-06T12:57:20.155243,CRITICAL
2020-12-22T14:43:47.002270,INFO
2021-07-28T22:45:53.387345,CRITICAL
2021-05-05T04:02:53.242831,DEBUG
2024-04-13T14:13:29.153981,TRACE
2024-02-15T19:29:22.431389,CRITICAL
2023-12-22T03:21:20.921401,WARN
2024-12-23T18:41:30.362280,CRITICAL
2023-03-19T15:07:31.499347,ERROR
2023-02-21T14:38:18.468854,CRITICAL
2020-03-23T04:36:20.749564,CRITICAL
2021-06-08T02:08:21.463685,TRACE
2022-10-15T06:02:42.112778,WARN
2022-02-02T09:57:29.027464,CRITICAL
2020-04-23T20:22:52.077416,FATAL
2021-04-09T02:37:26.916957,FATAL
2020-06-21T19:08:22.481210,FATAL
2020-02-29T21:48:30.848597,TRACE
2020-06-16T12:59:28.045102,FATAL
2023-11-04T01:28:34.917319,ERROR
2022-11-25T23:55:18.849802,DEBUG
2022-04-26T08:19:56.138231,FATAL
2024-06-18T06:53:56.411363,ERROR
2020-02-06T19:47:18.303445,FATAL
2023-02-25T19:09:54.736267,TRACE
2020-08-06T15:59:03.009973,TRACE
2024-07-03T23:22:08.182443,DEBUG
2020-01-22T05:47:36.689631,TRACE
2022-11-06T06:19:50.023683,FATAL
2023-04-30T02:02:22.549396,WARN
2024-12-08T21:28:14.266212,ERROR
2025-02-16T23:39:32.952892,WARN
2022-12-05T16:23:21.472078,INFO
2025-02-11T15:52:57.312548,CRITICAL
2021-12-10T17:07:25.660800,INFO
2021-08-16T18:28:52.517417,DEBUG
2024-10-04T11:01:31.932548,ERROR
2020-08-15T01:54:56.030967,CRITICAL
2020-10-22T22:13:57.781688,TRACE
2023-06-18T20:59:56.482244,DEBUG
2021-02-01T13:41:31.563980,TRACE
2021-01-10T12:49:14.190872,ERROR
2020-12-05T20:04:50.573686,ERROR
2024-04-25T03:34:55.852457,ERROR
2022-04-10T13:18:30.482988,INFO
2023-06-10T11:34:21.833521,CRITICAL
2021-12-28T12:51:38.733432,FATAL
2023-07-29T08:38:08.437061,TRACE
2024-08-04T19:55:45.143979,DEBUG
2023-12-12T01:37:40.335889,ERROR
2024-12-27T15:14:36.607803,INFO
2024-05-18T11:23:44.000178,ERROR
2023-08-10T02:40:57.107348,WARN
2022-12-01T13:01:50.517415,INFO
2022-03-19T19:54:40.617150,INFO
2021-11-22T04:06:05.935760,DEBUG
2022-02-11T12:05:27.418172,INFO
2020-04-29T04:30:05.358792,CRITICAL
2021-12-08T02:44:33.648177,WARN
2021-03-09T12:11:44.505836,ERROR
2022-03-24T11:58:34.068376,CRITICAL
2024-02-23T03:26:20.931726,DEBUG
2024-04-27T19:23:49.486764,WARN
2023-04-02T10:52:46.316786,FATAL
2023-09-07T10:54:50.414762,INFO
2020-11-18T09:45:40.058999,TRACE
2021-02-22T20:13:25.948491,WARN
2020-07-29T15:19:01.736171,INFO
2021-02-26T08:23:34.145252,FATAL
2021-08-07T03:37:34.962775,ERROR
2021-05-01T22:00:11.788826,ERROR
2023-10-20T13:59:07.377411,DEBUG
2020-05-27T06:46:32.550542,DEBUG
2021-06-23T03:54:57.571643,TRACE
2020-08-19T10:35:57.826261,WARN
2022-12-17T12:28:15.859089,DEBUG
2024-05-20T09:39:23.122773,FATAL
2022-03-23T18:00:21.766240,INFO
2023-09-23T10:01:56.151492,ERROR
2021-05-12T20:29:53.378210,FATAL
2020-08-01T09:06:56.561689,INFO
2023-02-17T19:53:34.182928,FATAL
2020-05-29T03:10:44.445615,FATAL
2021-06-28T11:21:33.836047,WARN
2020-10-17T21:12:46.155784,TRACE
2021-05-02T23:18:56.993834,WARN
2021-07-28T15:21:47.132587,ERROR
2021-11-29T02:55:44.766130,CRITICAL
2022-07-10T11:29:44.848349,TRACE
2024-02-13T00:32:44.008494,DEBUG
2023-09-01T21:55:34.855156,ERROR
2020-05-19T05:35:35.750239,ERROR
2025-02-12T16:18:17.740839,WARN
2020-11-18T04:02:24.475222,ERROR
2023-02-07T23:20:36.266958,ERROR
2020-06-16T00:36:45.503298,TRACE
2022-11-25T23:20:23.899254,FATAL
2024-01-18T18:56:30.297130,DEBUG
2023-12-19T09:33:26.005599,TRACE
2021-06-20T03:50:36.699515,WARN
2022-06-27T16:01:28.917457,FATAL
2022-02-16T07:38:18.923794,FATAL
2020-07-26T15:30:16.949216,WARN
2020-04-07T08:02:14.881358,FATAL
2025-03-01T05:10:54.464399,DEBUG
2020-02-20T09:23:27.235724,ERROR
2020-07-17T18:39:27.221562,TRACE
2022-11-21T22:58:47.273586,FATAL
2023-08-22T16:36:59.682028,CRITICAL
2021-11-13T10:43:00.037129,CRITICAL
2024-02-05T15:54:39.457998,INFO
2022-08-01T20:37:17.047936,CRITICAL
2024-07-08T18:37:41.213068,INFO
2020-12-18T13:56:42.107757,TRACE
2022-01-05T13:08:20.843919,TRACE
2023-09-09T23:51:59.346747,WARN
2020-05-31T01:40:33.454196,INFO
2021-06-27T16:57:09.909418,INFO
2021-01-28T02:37:02.533257,DEBUG
2022-10-29T18:42:14.504999,WARN
2020-03-15T15:06:59.981263,TRACE
2021-02-05T10:41:36.033562,INFO
2024-09-14T05:12:38.537886,WARN
2020-12-24T20:01:24.669947,FATAL
2023-02-08T20:21:26.068178,WARN
2023-02-12T21:14:34.966772,DEBUG
2022-09-03T11:14:03.746920,CRITICAL
2022-03-16T08:31:43.922288,ERROR
2024-06-18T17:21:11.227224,CRITICAL
2022-02-07T08:58:30.836956,ERROR
2020-02-03T01:51:45.441188,FATAL
2022-11-30T11:44:09.741275,DEBUG
2023-12-04T03:16:49.075366,TRACE
2022-03-22T15:36:43.618746,DEBUG
2022-01-06T15:38:57.994064,WARN
2023-06-13T14:55:06.929921,WARN
2023-10-07T16:02:56.703040,CRITICAL
2024-01-25T11:18:29.837158,FATAL
2024-11-12T09:57:46.198370,WARN
2022-03-31T16:44:55.602811,INFO
2022-12-03T02:46:02.958010,FATAL
2022-06-22T07:22:40.810379,FATAL
2021-03-30T14:16:45.372805,ERROR
2021-10-27T06:20:23.670806,DEBUG
2021-12-08T08:52:34.342361,ERROR
2022-09-26T06:04:32.550109,CRITICAL
2020-05-06T00:41:57.737322,TRACE
2023-08-26T17:44:14.100568,WARN
2023-04-11T22:38:29.479251,ERROR
2021-11-18T17:43:44.643995,INFO
2020-04-27T22:08:08.619520,FATAL
2020-07-06T15:41:31.061548,CRITICAL
2021-05-15T18:07:54.448683,CRITICAL
2024-09-10T11:13:43.343845,DEBUG
2024-02-02T05:14:41.154623,DEBUG
2023-02-05T15:05:57.852381,WARN
2024-05-13T18:25:10.348817,FATAL
2024-04-30T07:25:30.466860,INFO
2020-11-26T12:23:24.933746,INFO
2024-07-24T17:26:04.778743,INFO
2022-08-13T06:33:57.496333,DEBUG
2025-01-03T01:10:57.701879,DEBUG
2021-03-14T12:53:49.420752,WARN
2023-01-27T09:52:28.996092,CRITICAL
2022-11-15T20:34:52.868331,TRACE
2020-07-26T22:30:20.811165,CRITICAL
2021-08-19T09:28:24.934817,WARN
2022-06-14T07:29:52.446301,DEBUG
2024-10-17T04:31:49.061616,TRACE
2024-12-02T09:08:45.716036,CRITICAL
2023-06-06T16:03:01.093006,DEBUG
2023-09-03T11:10:43.103771,INFO
2022-12-17T13:37:03.392999,DEBUG
2022-10-06T04:46:50.311778,ERROR
2023-10-08T17:51:44.616788,WARN
2020-11-27T19:01:39.923466,INFO
2023-08-16T13:41:09.103195,TRACE
2020-07-28T07:20:40.629331,DEBUG
2022-08-21T03:01:07.369292,INFO
2021-03-25T23:37:54.274800,ERROR
2023-03-31T10:33:42.026457,DEBUG
2024-02-08T05:56:27.667957,DEBUG
2023-08-23T10:21:12.486800,ERROR
2021-04-10T22:12:20.362622,FATAL
2024-12-06T03:48:58.601963,ERROR
2022-12-08T12:05:04.570754,FATAL
2024-05-23T04:13:51.593448,INFO
2024-03-18T15:20:58.724066,TRACE
2020-05-08T12:36:31.580187,TRACE
2021-07-29T10:12:34.250639,INFO
2021-11-20T04:55:51.390270,WARN
2023-01-22T16:52:57.367531,FATAL
2021-05-19T06:23:56.454269,WARN
2023-11-02T17:34:31.591574,INFO
2022-04-09T04:54:19.494772,DEBUG
2020-04-29T23:12:25.978258,WARN
2024-12-09T12:43:54.240728,INFO
2021-09-28T08:09:09.423810,ERROR
2021-01-11T00:19:49.413551,TRACE
2022-01-27T00:38:22.925335,WARN
2023-09-03T02:55:40.357377,ERROR
2024-10-08T16:42:34.606929,ERROR
2024-05-14T10:21:56.866557,TRACE
2022-06-26T15:59:37.989026,CRITICAL
2024-09-12T13:47:16.393733,DEBUG
2024-01-05T08:49:24.120593,CRITICAL
2022-06-13T21:05:24.844995,DEBUG
2020-08-20T01:03:16.890948,INFO
2022-01-26T23:03:19.343332,FATAL
2020-12-06T03:33:58.594048,TRACE
2023-04-26T08:39:12.170236,FATAL
2024-08-31T09:00:02.803406,TRACE
2023-01-30T02:36:44.636577,WARN
2021-07-21T20:16:03.882627,DEBUG
2023-06-12T18:32:07.383810,WARN
2022-08-19T03:54:29.988599,FATAL
2021-03-25T04:13:08.003994,FATAL
2024-03-16T02:55:34.037396,CRITICAL
2025-02-02T20:24:23.628852,INFO
2023-02-07T20:52:56.594494,CRITICAL
2020-07-30T14:22:56.212540,ERROR
2024-03-25T16:57:01.438376,DEBUG
2022-08-24T13:28:52.741307,WARN
2021-10-03T10:36:08.396182,DEBUG
2022-08-16T03:33:44.800937,TRACE
2020-01-18T14:29:10.762632,WARN
2021-05-13T12:35:32.486440,ERROR
2022-06-25T18:52:48.313744,CRITICAL
2023-05-09T02:32:38.624689,INFO
2021-10-05T14:27:13.266820,INFO
2023-04-02T11:30:00.757474,FATAL
2021-10-17T00:54:40.433719,DEBUG
2020-01-20T11:42:38.006210,ERROR
2024-04-12T09:59:38.355160,INFO
2020-10-10T22:25:21.626714,TRACE
2023-09-02T21:53:02.712976,ERROR
2023-08-14T12:33:10.318239,DEBUG
2020-06-11T09:12:12.174805,ERROR
2024-04-30T06:24:57.307392,FATAL
2022-11-08T03:38:16.323447,FATAL
2024-06-08T04:11:20.181299,WARN
2023-11-11T09:37:08.358594,INFO
2022-10-15T01:47:22.355241,DEBUG
2022-10-14T03:25:04.403220,WARN
2023-10-20T04:01:43.237279,TRACE
2020-07-05T17:25:38.929710,WARN
2020-08-17T17:30:56.025833,DEBUG
2025-02-15T22:38:00.648017,FATAL
2020-08-01T01:08:45.826469,TRACE
2023-01-06T07:39:48.094419,FATAL
2024-03-01T09:45:13.192154,CRITICAL
2023-08-21T13:43:31.295567,ERROR
2024-06-19T12:56:24.196185,WARN
2023-08-19T04:00:45.958355,TRACE
2023-04-07T16:50:15.680226,ERROR
2024-12-27T03:05:38.762441,TRACE
2025-01-30T01:26:28.683484,INFO
2023-11-27T04:00:31.494619,ERROR
2022-11-17T17:47:27.567323,DEBUG
2023-04-13T13:42:49.592627,FATAL
2024-01-10T17:04:47.199618,CRITICAL
2024-08-27T04:34:34.203842,TRACE
2022-10-12T10:28:56.464956,TRACE
2021-11-09T09:53:36.085441,CRITICAL
2020-10-06T17:26:59.866160,DEBUG
2023-07-28T20:03:22.895945,TRACE
2024-02-23T19:55:36.630157,DEBUG
2024-02-27T12:09:19.480796,CRITICAL
2022-08-11T21:43:44.522968,INFO
2020-06-15T20:54:39.027367,CRITICAL
2023-06-09T19:00:10.333888,ERROR
2023-08-09T21:49:26.078800,FATAL
2022-08-07T20:31:42.579372,ERROR
2024-02-09T15:07:52.143289,TRACE
2025-03-04T12:00:12.546131,WARN
2020-01-07T23:03:07.147444,ERROR
2020-03-26T00:00:16.227412,DEBUG
2020-11-18T22:47:23.630345,TRACE
2022-06-02T04:54:45.713070,CRITICAL
2024-09-20T23:40:22.485088,FATAL
2021-02-03T05:25:40.342736,CRITICAL
2022-03-17T08:52:18.528501,CRITICAL
2022-08-30T08:10:07.416474,ERROR
2022-11-23T03:09:08.615912,INFO
2021-04-03T10:35:49.066603,INFO
2022-01-14T08:32:45.400772,FATAL
2024-06-19T00:29:56.031895,CRITICAL
2021-10-29T17:14:33.457886,INFO
2024-10-21T01:55:29.559535,TRACE
2023-03-26T08:54:26.438645,CRITICAL
2024-12-17T15:23:18.154503,WARN
2021-07-07T10:49:58.509606,FATAL
2024-07-07T11:32:54.323536,INFO
2022-09-20T06:02:59.994167,FATAL
2023-02-20T04:48:00.409303,ERROR
2022-07-28T04:39:21.427289,FATAL
2020-02-10T11:07:17.626922,INFO
2023-01-06T18:35:45.605815,CRITICAL
2023-05-13T00:11:44.967713,ERROR
2023-05-18T05:07:25.497924,INFO
2020-11-03T19:36:08.676077,CRITICAL
2022-03-16T19:48:43.363988,FATAL
2022-08-27T16:19:51.978053,INFO
2024-12-04T12:31:14.895585,TRACE
2023-10-21T14:03:27.384413,ERROR
2023-01-29T17:12:01.638591,ERROR
2024-11-05T01:48:11.263944,DEBUG
2024-07-24T12:59:23.246999,TRACE
2023-03-22T06:27:30.355136,ERROR
2023-01-23T20:43:30.253044,ERROR
2020-11-24T01:41:14.821497,FATAL
2023-07-15T02:09:08.373570,DEBUG
2023-12-13T16:23:49.067514,ERROR
2024-06-16T05:46:04.633207,INFO
2021-10-27T09:20:28.039259,CRITICAL
2023-12-19T23:11:00.890670,ERROR
2021-05-30T16:58:22.582451,DEBUG
2021-09-16T22:31:36.896015,FATAL
2020-08-13T23:16:09.937802,WARN
2023-04-12T23:47:50.575211,ERROR
2023-10-17T16:12:19.485366,CRITICAL
2022-03-22T11:24:32.164456,DEBUG
2020-10-15T01:25:03.024384,CRITICAL
2024-05-04T11:57:41.980950,FATAL
2020-10-07T01:16:16.061806,INFO
2024-10-11T11:01:06.860554,FATAL
2022-07-20T22:28:21.405238,INFO
2020-12-13T12:41:40.990472,DEBUG
2022-01-02T00:20:23.320613,TRACE
2020-03-30T23:23:48.563402,INFO
2020-05-24T14:33:19.603290,WARN
2020-12-08T04:42:21.757906,CRITICAL
2024-02-19T13:53:56.138821,ERROR
2022-02-14T09:18:32.571838,CRITICAL
2020-09-19T14:36:34.368224,DEBUG
2020-08-05T06:52:00.235246,CRITICAL
2021-03-01T01:56:24.403598,ERROR
2020-09-18T17:07:31.924965,FATAL
2021-02-10T05:46:57.380115,CRITICAL
2023-10-22T04:37:25.507724,CRITICAL
2022-06-25T02:03:11.602585,TRACE
2020-12-05T21:27:49.770990,CRITICAL
2021-04-28T17:07:38.449764,INFO
2022-12-28T02:45:55.426345,CRITICAL
2024-12-28T23:20:17.822983,CRITICAL
2024-11-30T23:39:32.944488,WARN
2022-10-14T15:08:10.655668,DEBUG
2022-11-14T15:50:24.202985,TRACE
2023-10-04T07:42:34.186028,TRACE
2024-12-26T07:20:55.170103,ERROR
2025-01-24T13:03:55.065237,INFO
2023-05-09T18:50:59.084663,DEBUG
2020-03-26T09:49:18.460457,CRITICAL
2020-12-11T06:40:49.352226,DEBUG
2020-01-05T07:42:49.897338,WARN
2021-09-28T23:58:42.282060,TRACE
2022-11-05T01:41:19.902528,INFO
2020-02-15T11:26:11.042253,INFO
2020-06-18T14:41:48.905784,DEBUG
2024-02-11T03:30:21.746163,WARN
2023-10-19T13:55:21.657963,TRACE
2023-01-16T09:55:05.364068,CRITICAL
2022-01-26T11:54:18.443727,TRACE
2020-09-09T01:30:26.277771,CRITICAL
2024-10-01T15:46:45.759317,FATAL
2020-07-05T06:01:36.592302,FATAL
2020-03-02T08:05:39.985047,INFO
2024-06-24T19:29:59.377027,FATAL
2022-01-05T10:27:40.155917,WARN
2021-09-23T21:28:28.892983,WARN
2020-01-17T10:03:20.147426,INFO
2020-11-05T23:14:02.669180,DEBUG
2020-04-02T04:17:46.796358,INFO
2023-06-01T21:47:05.009447,DEBUG
2022-10-31T09:19:46.108303,ERROR
2024-12-03T10:49:05.170478,FATAL
2022-02-23T01:47:56.859762,WARN
2023-04-07T21:40:52.363444,FATAL
2024-09-09T07:10:03.305585,TRACE
2025-02-11T20:11:17.225584,CRITICAL
2023-01-13T03:36:35.734320,TRACE
2021-11-15T07:52:11.433110,CRITICAL
2021-11-15T09:44:17.777341,CRITICAL
2022-06-15T18:46:53.028958,DEBUG
2020-01-27T15:14:24.753432,FATAL
2022-11-10T17:31:46.856222,FATAL
2022-04-28T13:30:48.405586,ERROR
2024-11-10T15:23:01.441461,ERROR
2023-08-29T07:48:10.259217,WARN
2024-07-27T20:26:07.198449,CRITICAL
2022-08-15T21:00:22.050756,TRACE
2025-03-03T08:52:34.968563,DEBUG
2020-11-21T00:51:59.353325,CRITICAL
2020-10-23T13:29:03.155524,INFO
2022-09-08T05:22:49.838437,FATAL
2025-03-02T00:06:38.729665,DEBUG
2024-07-19T09:41:49.602329,FATAL
2024-02-16T11:23:51.524286,INFO
2022-11-01T16:48:26.294247,INFO
2022-08-11T08:06:14.041704,FATAL
2024-07-20T06:23:04.306333,DEBUG
2022-01-25T16:51:40.060334,DEBUG
2022-08-28T19:54:10.590778,CRITICAL
2021-05-17T13:02:43.287179,TRACE
2020-02-18T23:28:51.843438,INFO
2024-01-30T05:23:48.638856,TRACE
2022-11-28T06:23:19.379271,WARN
2024-06-19T20:30:26.579903,FATAL
2022-02-05T00:35:25.052584,DEBUG
2022-10-30T20:48:33.573462,CRITICAL
2024-06-05T15:37:19.541684,INFO
2021-12-27T03:36:50.636185,CRITICAL
2024-01-06T15:25:42.629394,TRACE
2022-04-14T02:16:03.969842,WARN
2024-04-15T16:03:01.689757,WARN
2023-02-08T13:31:29.878792,INFO
2020-09-17T02:40:24.419262,WARN
2024-09-10T15:51:12.737013,TRACE
2024-05-03T23:10:14.427623,FATAL
2020-08-10T15:25:02.248338,CRITICAL
2021-12-01T13:10:55.128928,TRACE
2024-01-14T17:32:49.020386,CRITICAL
2024-12-10T01:54:42.216176,WARN
2024-10-03T08:11:41.971697,TRACE
2020-09-25T21:46:12.855122,DEBUG
2020-10-04T15:57:51.831664,WARN
2021-07-10T12:21:32.356784,TRACE
2022-03-07T23:28:21.216559,WARN
2020-08-28T06:51:08.120154,FATAL
2023-01-09T05:27:11.645550,ERROR
2020-07-23T19:20:22.003763,DEBUG
2023-09-20T19:06:00.481825,ERROR
2023-06-30T06:42:27.839216,CRITICAL
2022-05-26T13:33:59.637142,WARN
2021-09-23T12:42:56.834651,ERROR
2021-09-29T03:59:11.086154,INFO
2021-04-09T19:11:45.669014,WARN
2024-03-08T04:39:47.596062,WARN
2021-04-03T22:31:47.444884,WARN
2020-03-21T16:36:49.510773,TRACE
2020-12-13T14:28:44.071444,WARN
2024-10-28T16:07:14.928365,DEBUG
2020-07-22T17:31:11.797368,TRACE
2020-12-11T12:44:04.058861,CRITICAL
2020-12-22T14:10:24.699863,CRITICAL
2022-02-11T03:44:49.238104,INFO
2023-10-28T22:32:25.775853,TRACE
2021-03-01T17:24:00.007311,TRACE
2024-07-02T00:47:18.650460,FATAL
2021-02-24T21:59:42.211957,CRITICAL
2021-02-09T10:50:38.429823,CRITICAL
2022-08-19T07:59:50.911964,FATAL
2020-09-20T04:11:48.826077,CRITICAL
2024-03-29T19:25:46.445815,DEBUG
2021-01-21T01:11:21.239693,ERROR
2022-05-10T17:36:42.743386,CRITICAL
2020-11-26T21:43:54.403370,CRITICAL
2024-11-18T23:12:34.478000,INFO
2024-02-16T05:17:25.647165,FATAL
2020-07-14T16:24:38.742090,INFO
2023-08-09T13:23:01.903718,INFO
2024-01-28T11:29:29.360327,FATAL
2020-09-12T07:34:28.925502,WARN
2020-05-24T12:18:39.670684,DEBUG
2023-03-05T13:08:50.434899,ERROR
2022-04-04T04:35:50.285602,CRITICAL
2020-02-17T05:26:17.697924,WARN
2020-07-14T12:17:53.753938,DEBUG
2020-05-11T04:05:52.006053,FATAL
2024-10-01T18:03:53.691673,TRACE
2022-09-24T12:54:50.972977,ERROR
2020-03-23T02:57:17.826500,WARN
2020-01-10T12:52:22.345721,DEBUG
2022-01-20T19:24:30.821291,ERROR
2024-07-02T11:00:42.289859,FATAL
2023-09-16T08:23:52.642897,WARN
2022-05-26T13:12:19.284767,WARN
2022-06-11T07:19:16.829887,WARN
2020-10-01T20:14:06.060685,INFO
2025-02-02T20:37:58.455514,TRACE
2022-08-22T14:51:11.921876,FATAL
2024-02-26T22:33:47.943387,CRITICAL
2021-11-05T17:37:57.779754,INFO
2024-07-25T22:37:22.926471,INFO
2024-02-10T21:54:20.314453,DEBUG
2020-06-24T20:54:42.114444,FATAL
2023-02-08T17:39:14.071451,TRACE
2024-07-02T20:24:49.506209,ERROR
2023-05-16T06:17:28.527962,TRACE
2022-11-21T13:42:42.599133,TRACE
2023-10-10T06:36:07.802663,FATAL
2023-05-22T04:10:00.195210,DEBUG
2021-12-13T17:11:24.481944,DEBUG
2024-12-06T03:45:11.746541,INFO
2021-09-11T20:05:57.942882,ERROR
2024-02-23T20:41:39.156466,FATAL
2023-04-25T05:25:22.361804,INFO
2021-12-27T21:35:55.049050,DEBUG
2022-05-12T15:20:05.731951,CRITICAL
2021-05-08T00:07:30.349607,DEBUG
2021-08-12T09:11:13.038705,WARN
2024-03-07T21:08:02.417747,FATAL
2021-03-03T06:39:11.946012,DEBUG
2023-05-18T00:27:28.765131,TRACE
2020-10-19T14:46:51.848722,WARN
2023-12-23T15:03:39.390342,FATAL
2023-04-08T14:10:24.783619,DEBUG
2023-10-23T00:29:14.194038,TRACE
2021-09-21T12:55:22.172974,WARN
2020-04-20T17:53:41.706414,TRACE
2023-02-10T22:11:06.925593,TRACE
2021-08-04T05:11:44.150141,WARN
2023-10-08T18:03:19.793336,TRACE
2023-06-10T15:01:20.982869,ERROR
2021-05-18T19:10:12.667699,ERROR
2021-10-19T00:05:45.166071,CRITICAL
2021-08-28T04:53:11.593453,FATAL
2021-10-03T12:31:55.117574,CRITICAL
2022-12-16T14:12:40.817759,TRACE
2022-08-13T12:20:42.455335,WARN
2021-05-22T18:52:24.604765,INFO
2022-05-07T13:36:16.235418,TRACE
2020-07-05T05:08:26.617885,DEBUG
2024-01-08T17:19:04.555870,FATAL
2021-04-26T17:45:16.570915,DEBUG
2024-01-28T09:13:13.980600,INFO
2021-04-30T17:09:18.224527,ERROR
2020-08-10T15:58:05.366699,WARN
2022-11-07T09:45:54.812442,INFO
2022-07-03T01:25:44.483451,FATAL
2023-04-28T06:17:18.388666,TRACE
2024-12-22T04:59:34.895505,FATAL
2020-05-21T01:25:56.395330,FATAL
2024-03-20T23:54:31.202047,ERROR
2020-01-01T07:34:29.735580,FATAL
2020-02-01T11:50:32.046373,WARN
2022-07-31T16:56:08.933416,WARN
2024-01-26T17:02:17.196111,TRACE
2023-10-28T10:53:24.394444,DEBUG
2023-01-05T23:33:11.096346,INFO
2020-08-10T01:08:14.486663,CRITICAL
2022-06-03T12:44:35.140655,CRITICAL
2020-04-09T05:11:33.786080,INFO
2023-04-22T10:47:22.214329,WARN
2022-09-03T02:55:40.340012,FATAL
2020-06-16T04:57:03.443911,INFO
2023-03-26T14:50:41.184587,ERROR
2022-03-13T04:05:32.488154,ERROR
2020-07-15T10:03:59.148707,INFO
2020-10-16T20:32:42.407390,WARN
2023-12-14T16:51:33.481635,CRITICAL
2022-01-31T20:37:56.314936,TRACE
2021-08-29T19:54:31.940277,ERROR
2021-10-07T01:59:13.837028,DEBUG
2021-04-23T21:49:20.436163,ERROR
2023-08-27T07:58:41.362058,DEBUG
2022-11-06T20:06:01.773213,INFO
2025-01-29T19:42:26.962140,ERROR
2023-11-16T21:40:03.677407,DEBUG
2024-10-30T18:35:23.140770,WARN
2021-09-11T00:23:29.772489,FATAL
2024-06-20T05:24:01.756947,FATAL
2021-04-02T17:53:46.654307,FATAL
2023-02-28T13:57:25.370433,DEBUG
2024-11-06T23:02:23.495187,INFO
2021-02-26T18:13:40.536966,DEBUG
2023-04-25T14:40:44.739241,TRACE
2020-01-26T05:52:52.299674,CRITICAL
2020-01-03T23:27:43.374626,CRITICAL
2022-05-01T11:05:58.494489,ERROR
2020-12-02T00:53:48.535232,WARN
2022-01-09T20:19:55.254486,ERROR
2021-11-13T04:43:46.422079,TRACE
2024-01-24T17:07:48.807148,FATAL
2022-08-12T06:36:38.306821,DEBUG
2020-12-18T18:39:11.899518,FATAL
2024-05-11T22:59:26.838981,FATAL
2020-02-29T13:04:24.490743,ERROR
2022-10-01T23:05:35.699366,DEBUG
2021-05-23T02:42:06.388942,ERROR
2020-09-13T15:38:11.183042,CRITICAL
2020-09-10T10:23:00.593101,ERROR
2023-12-07T16:16:21.657043,ERROR
2022-04-22T21:11:26.402840,CRITICAL
2020-10-20T21:58:24.127513,INFO
2023-09-30T06:25:57.421424,TRACE
2024-07-19T15:44:22.239252,WARN
2024-06-24T10:31:01.497227,TRACE
2020-12-22T06:46:17.769675,TRACE
2024-04-17T10:28:35.873968,CRITICAL
2020-07-04T02:57:58.930104,DEBUG
2022-08-14T12:40:30.452488,DEBUG
2023-05-05T21:31:35.429872,WARN
2025-02-18T21:19:44.822092,CRITICAL
2020-12-31T18:11:38.489675,DEBUG
2022-08-30T23:24:00.465791,INFO
2022-08-08T13:55:13.302383,DEBUG
2023-03-25T19:25:56.700383,ERROR
2023-07-16T13:39:23.932398,TRACE
2024-12-30T13:25:34.669993,DEBUG
2023-05-15T11:40:29.674323,INFO
2020-06-28T18:21:48.781340,CRITICAL
2023-10-23T03:27:37.081384,INFO
2024-05-31T04:31:52.165647,TRACE
2025-01-18T19:47:33.404403,WARN
2025-01-12T04:35:49.726672,TRACE
2021-09-19T07:08:18.023218,INFO
2023-12-16T10:19:42.886905,ERROR
2024-09-06T10:03:06.584230,INFO
2024-02-16T06:10:35.052892,WARN
2024-09-14T01:36:41.613177,ERROR
2021-02-12T01:39:21.642064,TRACE
2020-02-22T04:41:06.759674,DEBUG
2024-06-25T06:05:34.207760,CRITICAL
2024-08-11T02:46:20.581589,TRACE
2023-06-18T23:26:15.427942,DEBUG
2024-12-18T13:37:41.249039,WARN
2024-12-19T02:10:57.081046,DEBUG
2020-09-19T06:09:32.605532,CRITICAL
2022-11-13T06:54:12.376261,WARN
2024-10-08T08:13:03.410953,TRACE
2020-09-21T18:39:31.468464,INFO
2022-12-12T11:29:17.069877,CRITICAL
2021-09-10T17:54:18.839781,FATAL
2022-09-27T04:47:16.295211,DEBUG
2023-12-15T13:59:03.052479,WARN
2021-07-05T02:36:53.735050,FATAL
2020-05-15T08:29:15.703239,ERROR
2021-12-06T01:06:09.313433,DEBUG
2022-04-05T18:45:43.981379,DEBUG
2020-12-20T23:41:33.448698,INFO
2020-09-23T03:12:12.801583,CRITICAL
2020-12-14T20:36:32.234692,DEBUG
2024-05-19T02:37:09.509329,WARN
2020-07-29T06:45:20.377616,INFO
2024-12-05T22:49:22.759677,TRACE
2024-03-09T02:41:07.013079,WARN
2023-07-30T07:17:11.487813,CRITICAL
2022-11-02T01:45:14.536401,WARN
2022-09-02T22:20:54.962203,CRITICAL
2022-11-30T18:38:28.330874,FATAL
2020-08-03T20:38:00.738834,WARN
2022-06-16T17:31:01.656856,DEBUG
2021-11-23T06:34:07.912106,ERROR
2024-12-03T09:29:14.636112,TRACE
2024-06-08T17:36:40.893520,ERROR
2020-03-23T09:33:39.165529,FATAL
2024-12-02T04:35:05.058341,CRITICAL
2021-12-28T11:49:15.304994,ERROR
2021-11-05T03:51:26.330151,DEBUG
2024-04-17T12:31:34.645951,INFO
2022-10-22T04:12:49.490350,WARN
2022-03-25T00:00:51.350836,WARN
2023-08-05T04:49:29.887344,ERROR
2020-05-04T07:27:11.221730,CRITICAL
